"Governorate","FileName","ExpectedImage","ReplacesSVG"
"aqaba","cedar-pride-wreck","cedar-pride-wreck.webp","assets/places/aqaba/cedar-pride-wreck.svg"
"aqaba","japanese-garden-reef","japanese-garden-reef.webp","assets/places/aqaba/japanese-garden-reef.svg"
"aqaba","saudi-border-coral-gardens","saudi-border-coral-gardens.webp","assets/places/aqaba/saudi-border-coral-gardens.svg"
"karak","karak-archaeological-museum","karak-archaeological-museum.webp","assets/places/karak/karak-archaeological-museum.svg"
"ajloun","ajloun-forest-reserve-gate","ajloun-forest-reserve-gate.webp","assets/places/ajloun/ajloun-forest-reserve-gate.svg"
"ajloun","ancient-olive-grove","ancient-olive-grove.webp","assets/places/ajloun/ancient-olive-grove.svg"
"ajloun","orjan-village-local-feast","orjan-village-local-feast.webp","assets/places/ajloun/orjan-village-local-feast.svg"
"irbid","yarmouk-river-gorge","yarmouk-river-gorge.webp","assets/places/irbid/yarmouk-river-gorge.svg"
"dead-sea","lots-pillar-viewpoint","lots-pillar-viewpoint.webp","assets/places/dead-sea/lots-pillar-viewpoint.svg"
"irbid","yarmouk-trail-head","yarmouk-trail-head.webp","assets/places/irbid/yarmouk-trail-head.svg"
"irbid","basalt-canyon-viewpoint","basalt-canyon-viewpoint.webp","assets/places/irbid/basalt-canyon-viewpoint.svg"
"irbid","migratory-bird-watch-station","migratory-bird-watch-station.webp","assets/places/irbid/migratory-bird-watch-station.svg"
"irbid","riverside-picnic-meadow","riverside-picnic-meadow.webp","assets/places/irbid/riverside-picnic-meadow.svg"
"irbid","irbid-central-souk","irbid-central-souk.webp","assets/places/irbid/irbid-central-souk.svg"
"ajloun","olive-grove-harvest","olive-grove-harvest.webp","assets/places/ajloun/olive-grove-harvest.svg"
"ajloun","soap-house-workshop","soap-house-workshop.webp","assets/places/ajloun/soap-house-workshop.svg"
"ajloun","guesthouse-lunch-with-fresh-oil","guesthouse-lunch-with-fresh-oil.webp","assets/places/ajloun/guesthouse-lunch-with-fresh-oil.svg"
"ajloun","ajloun-forest-main-trail","ajloun-forest-main-trail.webp","assets/places/ajloun/ajloun-forest-main-trail.svg"
"ajloun","eagle-viewpoint","eagle-viewpoint.webp","assets/places/ajloun/eagle-viewpoint.svg"
"ajloun","woodland-lodge-night","woodland-lodge-night.webp","assets/places/ajloun/woodland-lodge-night.svg"
"jerash","old-city-souk","old-city-souk.webp","assets/places/jerash/old-city-souk.svg"
"jerash","craft-workshops-quarter","craft-workshops-quarter.webp","assets/places/jerash/craft-workshops-quarter.svg"
"jerash","cathedral-and-fountain-court","cathedral-and-fountain-court.webp","assets/places/jerash/cathedral-and-fountain-court.svg"
"amman","abu-jbara-kanafeh","abu-jbara-kanafeh.webp","assets/places/amman/abu-jbara-kanafeh.svg"
"dead-sea","mineral-water-float","mineral-water-float.webp","assets/places/dead-sea/mineral-water-float.svg"
"karak","deir-ain-abata-monastery","deir-ain-abata-monastery.webp","assets/places/karak/deir-ain-abata-monastery.svg"
"madaba","mukawir-machaerus","mukawir-machaerus.webp","assets/places/madaba/mukawir-machaerus.svg"
"madaba","main-hot-springs-resort","main-hot-springs-resort.webp","assets/places/madaba/main-hot-springs-resort.svg"
"madaba","wadi-zarqa-main-waterfall","wadi-zarqa-main-waterfall.webp","assets/places/madaba/wadi-zarqa-main-waterfall.svg"
"madaba","hammamat-main-natural-pools","hammamat-main-natural-pools.webp","assets/places/madaba/hammamat-main-natural-pools.svg"
"karak","karak-central-market","karak-central-market.webp","assets/places/karak/karak-central-market.svg"
"karak","karak-honey-farm","karak-honey-farm.webp","assets/places/karak/karak-honey-farm.svg"
"karak","lajjun-roman-fort","lajjun-roman-fort.webp","assets/places/karak/lajjun-roman-fort.svg"
"maan","burdah-rock-bridge","burdah-rock-bridge.webp","assets/places/maan/burdah-rock-bridge.svg"
